Designator,Footprint,Quantity,Value,LCSC Part #
C9,C_0402_1005Metric,1,20pF,
U4,SON125P300X500X100-8N,1,MS560702BA03-50,
C5,C_0402_1005Metric,1,20pF,
U2,SOT-223-3_TabPin2,1,LD1117S33TR_SOT223,
J7,PinHeader_1x02_P1.00mm_Vertical,1,DEBUG,
C6,C_0402_1005Metric,1,1uF,
C1,C_0402_1005Metric,1,.1uF,
C12,C_0402_1005Metric,1,100nF,
J6,PinHeader_1x02_P1.00mm_Vertical,1,PWR,
C2,C_0603_1608Metric,1,10uF,
R2,R_0805_2012Metric,1,60 ohm,
J5,PinHeader_1x02_P1.00mm_Vertical,1,GPS,
R1,R_0805_2012Metric,1,60 ohm,
C4,C_0402_1005Metric,1,4u7,
J3,PinHeader_1x04_P1.00mm_Vertical,1,CAN Header,
J2,PinHeader_1x02_P1.00mm_Vertical,1,Bat,
U6,PQFN50P300X300X100-16N,1,MMC5983MA,
C13,C_0402_1005Metric,1,100nF,
R3,R_0402_1005Metric,1,10k,
C8,C_0402_1005Metric,1,10nF,
J4,PinHeader_1x02_P1.00mm_Vertical,1,PWR,
C11,C_0402_1005Metric,1,10uF,
C7,C_0402_1005Metric,1,.1uF,
C14,C_0402_1005Metric,1,100nF,
U5,PQFN50P450X300X100-16N,1,BMI088,
U1,SOIC-8_3.9x4.9mm_P1.27mm,1,SN65HVD230,
X1,Oscillator_SMD_ECS_2520MV-xxx-xx-4Pin_2.5x2.0mm,1,ECS-2520MV-xxx-xx,
U3,QFN-28_4x4mm_P0.5mm,1,STM32F042G4Ux,
J1,PinHeader_1x02_P1.00mm_Vertical,1,Bat,
C3,C_0402_1005Metric,1,4.7nF,
C10,C_0402_1005Metric,1,1uF,
SW2,SolderJumper-3_P1.3mm_Open_RoundedPad1.0x1.5mm_NumberLabels,1,SW_SPDT,
SW1,SolderJumper-2_P1.3mm_Open_RoundedPad1.0x1.5mm,1,SW_SPST,
